RESERVADO,RESERVADO,RESERVADO,CODIGO CLIENTE,TIPO,ANO,MÊS,DIA,Nº PEDIDO,REVERVADO,CODIGO VENDEDOR,VENDEDOR NOME,VALOR,CODIGO PRODUTO   ,PESO PRODUTO   ,VOLUME PRODUTO ,CUBAGEM PRODUTO,QUANTIDADE PRODUTO,valor produto
,,,04.601.397/0005-51,O,2026,7,27,1151436,,,,,00,150,,1,1,
,,,04.601.397/0126-45,O,2026,7,27,1148832,,,,,00,300,,2,1,
,,,04.601.397/0126-45,O,2026,7,27,1144473,,,,,00,300,,2,1,
,,,04.601.397/0248-17,O,2026,7,27,1150877,,,,,00,200,,1,1,
,,,04.601.397/0248-17,O,2026,7,27,1152419,,,,,00,50,,"0,1",1,
,,,04.601.397/0248-17,O,2026,7,27,1152412,,,,,00,1800,,6,1,
,,,04.601.397/0181-75,O,2026,7,27,1152641,,,,,00,7000,,10,1,
,,,04.601.397/0023-33,O,2026,7,27,1139918,,,,,00,220,,1,1,
,,,04.601.397/0024-14,O,2026,7,27,1152581,,,,,00,20,,"0,1",1,
,,,04.601.397/0024-14,O,2026,7,27,1152536,,,,,00,40,,"0,1",1,
,,,04.601.397/0040-34,O,2026,7,27,1152531,,,,,00,100,,"0,1",1,
,,,04.601.397/0013-60,O,2026,7,27,1152524,,,,,00,200,,1,1,
,,,04.601.397/0024-14,O,2026,7,27,1152418,,,,,00,40,,"0,1",1,
,,,04.601.397/0024-14,O,2026,7,27,1152384,,,,,00,40,,"0,1",1,
,,,04.601.397/0024-14,O,2026,7,27,1152742,,,,,00,300,,1,1,
,,,04.601.397/0002-09,O,2026,7,27,1152739,,,,,00,2000,,3,1,
,,,04.601.397/0013-60,O,2026,7,27,1152685,,,,,00,200,,"0,5",1,
,,,04.601.397/0060-88,O,2026,7,27,1152579,,,,,00,20,,"0,1",1,
,,,04.601.397/0002-09,O,2026,7,27,1152534,,,,,00,250,,1,1,
,,,04.601.397/0061-69,O,2026,7,27,1152528,,,,,00,400,,2,1,
,,,04.601.397/0207-49,O,2026,7,27,1152966,,,,,00,200,,1,1,
,,,04.601.397/0207-49,O,2026,7,27,1152927,,,,,00,60,,"0,1",1,
,,,04.601.397/0113-24,O,2026,7,27,1152803,,,,,00,20,,"0,1",1,
,,,04.601.397/0014-41,O,2026,7,27,1152687,,,,,00,500,,2,1,
,,,04.601.397/0040-34,O,2026,7,27,1152675,,,,,00,1000,,1,1,
,,,04.601.397/0235-00,O,2026,7,27,1132223,,,,,00,450,,2,1,
,,,04.601.397/0155-83,O,2026,7,27,1153039,,,,,00,50,,"0,1",1,
,,,04.601.397/0111-62,O,2026,7,27,1153022,,,,,00,50,,"0,1",1,
,,,04.601.397/0111-62,O,2026,7,27,1152939,,,,,00,200,,1,1,
,,,04.601.397/0040-34,O,2026,7,27,1152898,,,,,00,200,,1,1,
,,,04.601.397/0060-88,O,2026,7,27,1152885,,,,,00,200,,1,1,
,,,04.601.397/0059-44,O,2026,7,27,1152862,,,,,00,3000,,4,1,
,,,04.601.397/0061-69,O,2026,7,27,1152829,,,,,00,60,,"0,1",1,
,,,04.601.397/0040-34,O,2026,7,27,1152737,,,,,00,4200,,6,1,
,,,04.601.397/0061-69,O,2026,7,27,1152729,,,,,00,9000,,15,1,
,,,04.601.397/0014-41,O,2026,7,27,1152726,,,,,00,3000,,5,1,
,,,04.601.397/0013-60,O,2026,7,27,1152722,,,,,00,500,,1,1,
,,,04.601.397/0024-14,O,2026,7,27,1152692,,,,,00,40,,"0,1",1,
,,,04.601.397/0061-69,O,2026,7,27,1152688,,,,,00,850,,2,1,
,,,04.601.397/0040-34,O,2026,7,27,1152674,,,,,00,160,,1,1,
,,,04.601.397/0257-08,O,2026,7,27,1152188,,,,,00,4000,,20,1,
,,,04.601.397/0207-49,O,2026,7,27,1152983,,,,,00,1400,,4,1,
,,,04.601.397/0038-10,O,2026,7,27,1152940,,,,,00,100,,1,1,
,,,04.601.397/0207-49,O,2026,7,27,1152937,,,,,00,100,,1,1,
,,,04.601.397/0264-37,O,2026,7,27,1152935,,,,,00,100,,1,1,
,,,04.601.397/0135-30,O,2026,7,27,1152906,,,,,00,20,,"0,1",1,
,,,04.601.397/0207-49,O,2026,7,27,1152861,,,,,00,6000,,17,1,
,,,04.601.397/0002-09,P,2026,7,27,1152040,,,,,00,150,,"0,5",1,
,,,04.601.397/0030-62,P,2026,7,27,1151794,,,,,00,40,,"0,1",1,
,,,04.601.397/0030-62,P,2026,7,27,1151791,,,,,00,200,,2,1,
,,,04.601.397/0111-62,P,2026,7,27,1152601,,,,,00,8000,,12,1,
,,,04.601.397/0044-68,P,2026,7,27,1151855,,,,,00,220,,1,1,
,,,04.601.397/0111-62,P,2026,7,27,1152600,,,,,00,20,,"0,1",1,
,,,04.601.397/0005-51,P,2026,7,27,1152807,,,,,00,220,,1,1,
,,,04.601.397/0030-62,P,2026,7,27,1152795,,,,,00,220,,1,1,
,,,04.601.397/0005-51,P,2026,7,27,1152948,,,,,00,50,,1,1,
,,,04.601.397/0126-45,P,2026,7,27,1152934,,,,,00,250,,2,1,
,,,04.601.397/0040-34,P,2026,7,27,1152921,,,,,00,10000,,13,1,
,,,04.601.397/0002-09,P,2026,7,27,1152910,,,,,00,120,,"0,3",1,
,,,04.601.397/0113-24,P,2026,7,27,1153019,,,,,00,500,,"0,5",1,
,,,04.601.397/0024-14,P,2026,7,27,1152294,,,,,00,250,,1,1,
,,,04.601.397/0207-49,P,2026,7,27,1151765,,,,,00,650,,4,1,
,,,04.601.397/0207-49,P,2026,7,27,1151500,,,,,00,200,,1,1,
,,,04.601.397/0043-87,P,2026,7,27,1153161,,,,,00,300,,1,1,
,,,04.601.397/0113-24,P,2026,7,27,1153085,,,,,00,300,,1,1,